<?xml version="1.0" encoding="UTF-8"?>
<uptime xmlns:xsi="http://www.w3.org/2001/XMLSchema-instance"
	xsi:schemaLocation="http://www.uptimesoftware.com/erdc/erdc erdc"
	xmlns="http://www.uptimesoftware.com/erdc/erdc"
	xmlns:upt="http://www.uptimesoftware.com/erdc/erdc" version="4.0" target_grouping="other">
	<class>Symantec Virus Definition</class>
	<exec>com.uptimesoftware.uptime.erdc.MonitorCustomScriptRunner</exec>
	<erdc_version>2.0</erdc_version>
    <category>Applications - General</category>
    <grid_info>
        <supported_versions>7.3</supported_versions>
        <supported_platforms>windows, linux</supported_platforms>
        <upgrade_in_place>true</upgrade_in_place>
        <requires_agent_scripts>true</requires_agent_scripts>
    </grid_info>
	<elements>
		<element name="process_windows" parameter_type="input" data_type="string" gui_basic="1" range_type="0" hidden="true">
			<control_options> size:40 </control_options>
			<default_value>/plugins/scripts/MonitorSymantecVirusDefinition/monitor-virus-def-ms.bat</default_value>
			<short_description>Script Name</short_description>
			<long_description>Name of the script/binary/process to be executed by up.time </long_description>
			<validation_rule>
				<alphanumeric/>
			</validation_rule>
			<error_message>
				<alphanumeric>required field</alphanumeric>
			</error_message>
			<gui_type>
				<string/>
			</gui_type>
		</element>
		<element name="process_linux" parameter_type="input" data_type="string" gui_basic="1" range_type="0" hidden="true">
			<control_options> size:40 </control_options>
			<default_value>/plugins/scripts/MonitorSymantecVirusDefinition/monitor-virus-def-ms.sh</default_value>
			<short_description>Script Name</short_description>
			<long_description>Name of the script/binary/process to be executed by up.time </long_description>
			<validation_rule>
				<alphanumeric/>
			</validation_rule>
			<error_message>
				<alphanumeric>required field</alphanumeric>
			</error_message>
			<gui_type>
				<string/>
			</gui_type>
		</element>
		<group name="g_input_port" switch="0">
			<short_description>Port</short_description>
			<long_description>up.time Agent Port</long_description>
			<element name='port' parameter_type='input' data_type='integer'
			gui_basic='1' range_type='0' units=''>
				<control_options>size:8</control_options>
				<default_value>9998</default_value>
				<short_description>Port</short_description>
				<long_description>up.time agent port</long_description>
				<validation_rule/>
				<error_message/>
				<gui_type>
					<integer/>
				</gui_type>
			</element>
		</group>
		<group name="g_input_password" switch="0">
			<short_description>Agent Password</short_description>
			<long_description>Agent side password (if on an older agent)</long_description>
			<element name='password' parameter_type='input' data_type='string'
			gui_basic='1' range_type='0' units=''>
				<control_options>size:8</control_options>
				<default_value></default_value>
				<short_description>Password</short_description>
				<long_description>Agent side password (if on an older agent)</long_description>
				<validation_rule/>
				<error_message/>
				<gui_type>
					<password/>
				</gui_type>
			</element>
		</group>
		<group name="g_input_dir" switch="0">
			<short_description>Virus Definition Directory</short_description>
			<long_description>Virus Definition Directory</long_description>
			<element name='dir' parameter_type='input' data_type='string' gui_basic='1' range_type='0' units=''>
				<control_options>size:8</control_options>
				<default_value>C:\Program Files\SAV</default_value>
				<short_description>Virus Definition Directory</short_description>
				<long_description>Virus Definition Directory</long_description>
				<validation_rule/>
				<error_message/>
				<gui_type>
					<string/>
				</gui_type>
			</element>
		</group>
		<element name='daysSinceLastUpdate' parameter_type='output' data_type='integer' gui_basic='1' range_type='0' units='day'>
			<short_description>Days Since Last Update</short_description>
			<long_description>The number of days since the last update</long_description>
			<control_options>size:8</control_options>
			<default_value></default_value>
			<validation_rule/>
			<error_message/>
			<gui_type>
				<integer/>
			</gui_type>
		</element>
		<element name='lastUpdateDate' parameter_type='output' data_type='string' gui_basic='1' range_type='0' units=''>
			<short_description>Last Update Date</short_description>
			<long_description>The date when the virus definition was last updated</long_description>
			<control_options>size:8</control_options>
			<default_value></default_value>
			<validation_rule/>
			<error_message/>
			<gui_type>
				<string/>
			</gui_type>
		</element>
		<element name="timer" parameter_type="output" data_type="integer" gui_basic="0" range_type="0" units="ms">
			<control_options>size:8</control_options>
			<default_value/>
			<short_description>Response time</short_description>
			<long_description>Response time in ms</long_description>
			<validation_rule/>
			<error_message/>
			<gui_type>
				<integer/>
			</gui_type>
		</element>
	</elements>
	<help>Monitor when the Symantec Virus Definition was last updated. Note need agent files to get working</help>
</uptime>
